Taotys pizza,299
Taotys shabu,399
Taotys grill,499
Taotys boba,99
Taotys burger,199
Taotys smoothie,99
Taotys brownie,99
Taotys ice-cream,89
Taotys coffee,69
Taotys Duriantong,1299
Taotys pizza,299
Taotys shabu,399
Taotys grill,499
Taotys boba,99
Taotys burger,199
Taotys smoothie,99
Taotys brownie,99
Taotys ice-cream,89
Taotys coffee,69
Taotys Durianmontong,1299
Taotys mala,299
Taotys toasty,299
Taotys bingsu,399
Taotys 7,499
Taotys water,99
Taotys bar&restaurant,199
Taotys sushi,99
Taotys bakery,99
Taotys gelato,89
Taotys fried chicken,69
Taotys salmon hub,1299
Taotys pasta,299
Taotys pizza,299
Taotys shabu,399
Taotys grill,499
Taotys boba,99
Taotys burger,199
Taotys smoothie,99
Taotys brownie,99
Taotys ice-cream,89
Taotys coffee,69
Taotys Durianmontong,1299
Taotys mala,299
Taotys toasty,299
Taotys bingsu,399
Taotys Convinient store,499
Taotys water,99
Taotys bar&restaurant,199
Taotys sushi,99
Taotys bakery,99
Taotys gelato,89
Taotys fried chicken,69
Taotys salmon hub,1299
Taotys pasta,299
Taotys pizza,299
Taotys shabu,399
Taotys grill,499
Taotys boba,99
Taotys burger,199
Taotys smoothie,99
Taotys brownie,99
Taotys ice-cream,89
Taotys coffee,69
Taotys Durianmontong,1299
Taotys mala,299
Taotys toasty,299
Taotys bingsu,399
Taotys Convinient store,499
Taotys water,99
Taotys bar&restaurant,199
Taotys sushi,99
Taotys bakery,99
Taotys gelato,89
Taotys fried chicken,69
Taotys salmon hub,1299
Taotys pasta,299
Taotys pizza,299
Taotys shabu,399
Taotys grill,499
Taotys boba,99
Taotys burger,199
Taotys smoothie,99
Taotys brownie,99
Taotys ice-cream,89
Taotys coffee,69
Taotys Durianmontong,1299
Taotys mala,299
Taotys toasty,299
Taotys bingsu,399
Taotys Convinient store,499
Taotys water,99
Taotys bar&restaurant,199
Taotys sushi,99
Taotys bakery,99
Taotys gelato,89
Taotys fried chicken,69
Taotys salmon hub,1299
Taotys pasta,299
